{
	"model": "pumpkinseed",
	"name": "Pumpkinfox",
	"cockpit": "",
	"shield_model": "pumpkinseed_shield",
	"manufacturer": "foxi",
	"ship_class": "light_courier",
	"min_crew": 1,
	"max_crew": 1,
	"price": 86180,
	"hull_mass": 15,
	"structure_mass": 5,
	"armor_mass": 10,
	"volume": 87,
	"atmospheric_pressure_limit": 4,
	"capacity": 16.5,
	"cargo": 8,

	"equipment_slots": {
		"missile_s1_1": {
			"type": "missile",
			"size": 1,
			"tag": "tag_missile_s1_1",
			"hardpoint": true
		},
		"missile_s1_2": {
			"type": "missile",
			"size": 1,
			"tag": "tag_missile_s1_2",
			"hardpoint": true
		},
		"missile_s1_3": {
			"type": "missile",
			"size": 1,
			"tag": "tag_missile_s1_3",
			"hardpoint": true
		},
		"missile_s1_4": {
			"type": "missile",
			"size": 1,
			"tag": "tag_missile_s1_4",
			"hardpoint": true
		},
		"missile_s2_5": {
			"type": "missile",
			"size": 2,
			"tag": "tag_missile_s2_5",
			"hardpoint": true
		},
		"missile_s2_6": {
			"type": "missile",
			"size": 2,
			"tag": "tag_missile_s2_6",
			"hardpoint": true
		},
		"fuel_scoop_s1": {
			"type": "fuel_scoop",
			"size": 1,
			"tag": "tag_fuel_scoop_s1",
			"hardpoint": true
		},
		"cabin_s1_1": {
			"type": "cabin",
			"size": 1
		},
		"laser_front_s1": {
			"type": "weapon",
			"size": 1,
			"i18n_key": "HARDPOINT_WEAPON_FRONT",
			"tag": "tag_laser_front_s1",
			"hardpoint": true,
			"gimbal": [2,2]
		},
		"shield_s1_1": {
			"type": "shield",
			"size": 1
		},
		"utility_s1_1": {
			"type": "utility",
			"size": 1,
			"tag": "tag_utility_s1_1",
			"hardpoint": true
		},
		"cabin_s1_2": {
			"type": "cabin",
			"size": 1
		},
		"computer_1": {
			"type": "computer",
			"size": 1
		},
		"computer_2": {
			"type": "computer",
			"size": 2
		},
		"hull_1": {
			"type": "hull",
			"size": 1
		},
		"structure_1": {
			"type": "structure",
			"size": 1
		},
		"hyperdrive": {
			"type": "hyperdrive",
			"default": "hyperspace.hyperdrive_1",
			"size": 2,
			"size_min": 1
		},
		"thruster": {
			"type": "thruster",
			"default": "thruster.default_s1",
			"required": true,
			"size": 1,
			"count": 18
		}
	},

	"roles": ["pirate","mercenary"],
	"effective_exhaust_velocity": 18200000,
	"thruster_fuel_use": -1.0,
	"fuel_tank_mass": 15,
	"hyperdrive_class": 1,

	"forward_thrust": 1820000,
	"forward_acceleration_cap": 81.202,
	"reverse_thrust": 700000,
	"reverse_acceleration_cap": 48.582,
	"up_thrust": 800000,
	"up_acceleration_cap": 38.411,
	"down_thrust": 180000,
	"down_acceleration_cap": 18.9903,
	"left_thrust": 180000,
	"left_acceleration_cap": 18.9903,
	"right_thrust": 180000,
	"right_acceleration_cap": 18.9903,

	"angular_thrust": 1001276.26,

	"front_cross_section": 38,
	"side_cross_section": 45,
	"top_cross_section": 72,

	"front_drag_coeff": 0.1,
	"side_drag_coeff": 0.2,
	"top_drag_coeff": 0.6,

	"lift_coeff": 0.5,
	"aero_stability": 1.6
}
