{
	"model": "coronatrix",
	"name": "Syontrix",
	"cockpit": "coronatrix_cockpit",
	"manufacturer": "foxi",
	"ship_class": "medium_freighter",
	"min_crew": 1,
	"max_crew": 2,
	"price":124999,
	"hull_mass": 42,
	"atmospheric_pressure_limit": 3.2,
	"capacity": 550,
	"cargo": 200,
	"equipment_slots": {
		"utility_s1_2": {
			"type": "utility",
			"size": 1,
			"tag": "tag_utility_s1_2",
			"hardpoint": true
		},
		"missile_bay_1": {
			"type": "missile_bay.opli_internal",
			"size": 2,
			"i18n_key": "HARDPOINT_MISSILE_BAY",
			"default": "missile_bay.foxi_internal_s2"
		},
		"missile_bay_2": {
			"type": "missile_bay.opli_internal",
			"size": 2,
			"i18n_key": "HARDPOINT_MISSILE_BAY",
			"default": "missile_bay.foxi_internal_s2"
		},

		"fuel_scoop_s1": {
			"type": "fuel_scoop",
			"size": 1,
			"tag": "tag_fuel_scoop_s1",
			"hardpoint": true
		},
		"utility_s1_1": {
			"type": "utility",
			"size": 1,
			"tag": "tag_utility_s1_1",
			"hardpoint": true
		},
		"laser_front_s2_1": {
			"type": "weapon",
			"size": 2,
			"size_min": 1,
			"i18n_key": "HARDPOINT_WEAPON_FRONT",
			"tag": "tag_laser_front_s2",
			"hardpoint": true,
			"gimbal": [4,4]
		},
		"laser_front_s2_2": {
			"type": "weapon",
			"size": 2,
			"size_min": 1,
			"i18n_key": "HARDPOINT_WEAPON_FRONT",
			"tag": "tag_laser_front_s2",
			"hardpoint": true,
			"gimbal": [4,4]
		},

		"shield_s1_1": {
			"type": "shield",
			"size": 1
		},
		"shield_s2_1": {
			"type": "shield",
			"size": 2
		},
		"shield_s3_1": {
			"type": "shield",
			"size": 3
		},
		"shield_s3_2": {
			"type": "shield",
			"size": 3
		},
		"hyperdrive": {
			"type": "hyperdrive",
			"default": "hyperspace.hyperdrive_1",
			"size": 3,
			"size_min": 1
		},
		"thruster": {
			"type": "thruster",
			"size": 1,
			"count": 32
		},

		"utility_s2_3": {
			"type": "utility",
			"size": 4,
			"size_min": 1,
			"tag": "tag_utility_s2_3"
		},

		"computer_1": {
			"type": "computer",
			"size": 3,
			"size_min": 1
		},
		"computer_2": {
			"type": "computer",
			"size": 2,
			"size_min": 1
		},
		"computer_3": {
			"type": "computer",
			"size": 1,
			"size_min": 1
		},
		"computer_4": {
			"type": "computer",
			"size": 1,
			"size_min": 1
		},
		"fuel_scoop_s3": {
			"type": "fuel_scoop",
			"size": 3,
			"size_min": 1,
			"hardpoint": true

		},
		"cabin_s1_1": {
			"type": "cabin",
			"size": 1
		},
		"cabin_s1_2": {
			"type": "cabin",
			"size": 1
		},
		"cabin_s1_3": {
			"type": "cabin",
			"size": 1
		},
		"cabin_s1_4": {
			"type": "cabin",
			"size": 1
		}
	},


	"roles": ["trader", "merchant", "pirate", "syon"],
	"effective_exhaust_velocity": 20420000,
	"thruster_fuel_use": -1.0,
	"fuel_tank_mass": 320,
	"hyperdrive_class": 1,
	"forward_thrust": 28000000,
	"forward_acceleration_cap": 42.96,
	"reverse_thrust": 24000000,
	"reverse_acceleration_cap": 32.96,
	"up_thrust": 24000000,
	"up_acceleration_cap": 32.62,
	"down_thrust": 18000000,
	"down_acceleration_cap": 24.62,
	"left_thrust": 18000000,
	"left_acceleration_cap": 19.62,
	"right_thrust": 18000000,
	"right_acceleration_cap": 19.62,

	"angular_thrust": 10500000.0,

	"front_cross_section": 16.2,
	"side_cross_section": 39,
	"top_cross_section": 125,

	"front_drag_coeff": 0.27,
	"side_drag_coeff": 0.45,
	"top_drag_coeff": 0.96,

	"lift_coeff": 0.15,
	"aero_stability": 0.35
}
