{
  "model": "kanara_civ",
  "name": "Kanara (Foxi)",
  "cockpit": " ",
  "shield_model": "kanara_shield",
  "manufacturer": "foxi",
  "ship_class": "light_fighter",
  "min_crew": 1,
  "max_crew": 2,
  "price": 32409,
  "hull_mass": 9,
  "atmospheric_pressure_limit": 6,
  "capacity": 11,

  "cargo": 8,

  "equipment_slots": {
    "missile_bay_1": {
      "type": "missile_bay.opli_internal",
      "size": 2,
      "i18n_key": "HARDPOINT_MISSILE_BAY",
      "tag": "tag_missile_bay_1",
      "hardpoint": true,
      "default": "missile_rack.opli_internal_s2"
    },
    "utility_s1_1": {
      "type": "utility",
      "size": 1,
      "tag": "tag_utility_s1_1",
      "hardpoint": true
    },
    "utility_s1_2": {
      "type": "utility",
      "size": 1,
      "tag": "tag_utility_s1_2",
      "hardpoint": true
    },

    "shield_s1_1": {
      "type": "shield",
      "size": 1
    },
    "laser_front_s2": {
      "type": "weapon",
      "size": 1,
      "size_min": 1,
      "i18n_key": "HARDPOINT_WEAPON_FRONT",
      "tag": "tag_laser_front_s2",
      "hardpoint": true,
      "gimbal": [4,4]
    },
    "computer_1": {
      "type": "computer",
      "size": 1
    },
    "computer_2": {
      "type": "computer",
      "size": 1
    },
    "hyperdrive": {
      "type": "hyperdrive",
      "size": 1,
      "size_min": 1
    },
    "thruster": {
      "type": "thruster",
      "size": 1,
      "count": 8
    }
  },



  "roles": ["mercenary", "pirate", "courier"],

  "effective_exhaust_velocity": 19600000,
  "thruster_fuel_use": -1.0,
  "fuel_tank_mass": 5,
  "hyperdrive_class": 1,

  "forward_thrust": 700000,
  "forward_acceleration_cap": 38.7495,
  "reverse_thrust": 600000,
  "reverse_acceleration_cap": 24.525,
  "up_thrust": 300000,
  "up_acceleration_cap": 19.62,
  "down_thrust": 200000,
  "down_acceleration_cap": 10.0062,
  "left_thrust": 200000,
  "left_acceleration_cap": 10.0062,
  "right_thrust": 200000,
  "right_acceleration_cap": 10.0062,

  "angular_thrust": 377624.190704876,

  "front_cross_section": 7.5,
  "side_cross_section": 38,
  "top_cross_section": 16,

  "front_drag_coeff": 1.2,
  "side_drag_coeff": 1.1,
  "top_drag_coeff": 1.1,

  "lift_coeff": 0.3,
  "aero_stability": 1.8
}
