{
	"model": "xylophis",
	"name": "Xylophis (Foxi)",
	"cockpit": "xylophis_cockpit",
	"shield_model": "xylophis_shield",
	"manufacturer": "foxi",
	"ship_class": "light_passenger_shuttle",
	"min_crew": 1,
	"max_crew": 1,
	"price": 14685,
	"hull_mass": 5,
	"structure_mass": 2.1,
	"armor_mass": 2.1,
	"volume": 48,
	"atmospheric_pressure_limit": 3,
	"capacity": 7.5,
	"cargo": 9,
	"snark": "Well the good old Xylophis as a reliable base.  A quick mod is to through a set of roof racks on it and put a mini fridge in the passenger seat.",
	"equipment_slots": {
		"utility_s1": {
			"type": "utility",
			"size": 1,
			"tag": "tag_utility_s1",
			"hardpoint": true
		},
		"computer_1": {
			"type": "computer",
			"size": 1
		},
		"hull_1": {
			"type": "hull",
			"size": 0
		},
		"structure_1": {
			"type": "structure",
			"size": 0
		},
		"missile_rack_s2_top": {
			"type": "pylon.rack",
			"size": 4,
			"i18n_key": "HARDPOINT_PYLON",
			"hardpoint": false
		},
		"hyperdrive": {
			"type": "hyperdrive",
			"size": 1,
			"size_min": 1
		},
		"thruster": {
			"type": "thruster",
			"default": "thruster.default_s1",
			"required": true,
			"size": 1,
			"count": 16
		}
	},

	"roles": [],
	"effective_exhaust_velocity": 10900000,
	"thruster_fuel_use": -1.0,
	"fuel_tank_mass": 6,
	"hyperdrive_class": 0,

	"forward_thrust": 280000,
	"forward_acceleration_cap": 14.715,
	"reverse_thrust": 250000,
	"reverse_acceleration_cap": 14.715,
	"up_thrust": 250000,
	"up_acceleration_cap": 19.62,
	"down_thrust": 150000,
	"down_acceleration_cap": 9.81,
	"left_thrust": 150000,
	"left_acceleration_cap": 9.81,
	"right_thrust": 150000,
	"right_acceleration_cap": 9.81,

	"angular_thrust": 354022.68,

	"front_cross_section": 7.002,
	"side_cross_section": 17.502,
	"top_cross_section": 32.002,

	"front_drag_coeff": 0.56,
	"side_drag_coeff": 0.84,
	"top_drag_coeff": 0.95,

	"lift_coeff": 0,
	"aero_stability": 0.25
}
