{
	"bodies": [
		{
			"agricultural": "f0/0",
			"argOfPeriapsis": "f0/0",
			"aspectRatio": "f1/0",
			"atmosColor": [
				0,
				0,
				0,
				255
			],
			"atmosDensity": "f0/0",
			"atmosOxidizing": "f0/0",
			"averageTemp": 4586,
			"axialTilt": "f0/0",
			"children": [
				1
			],
			"eccentricity": "f0/0",
			"hasRings": false,
			"humanActivity": "f0/0",
			"inclination": "f0/0",
			"life": "f0/0",
			"mass": "f1/3693671874",
			"metallicity": "f0/0",
			"name": "Pollux",
			"orbitalOffset": "f0/0",
			"orbitalPhase": "f0/0",
			"population": "f0/0",
			"radius": "f8/3435973836",
			"rotationPeriod": "f0/0",
			"rotationPhase": "f0/0",
			"seed": 977630433,
			"semiMajorAxis": "f0/0",
			"type": "STAR_K_GIANT",
			"volatileIces": "f0/0",
			"volatileLiquid": "f0/0",
			"volcanicity": "f0/0"
		},
		{
			"agricultural": "f0/0",
			"argOfPeriapsis": "f4/958754272",
			"aspectRatio": "f1/0",
			"atmosColor": [
				255,
				255,
				255,
				3
			],
			"atmosDensity": "f2/2264083604",
			"atmosOxidizing": "f0/968974805",
			"averageTemp": 1344,
			"axialTilt": "f0/654646575",
			"children": [
				2,
				3,
				5
			],
			"eccentricity": "f0/109326440",
			"hasRings": true,
			"humanActivity": "f0/0",
			"inclination": "f0/98131183",
			"life": "f0/0",
			"mass": "f730/0",
			"metallicity": "f0/823025408",
			"name": "Thestias",
			"orbitalOffset": "f3/3167020436",
			"orbitalPhase": "f5/3673146851",
			"parent": 0,
			"population": "f0/0",
			"radius": "f13/2147483648",
			"ringsBaseColor": [
				139,
				111,
				102,
				217
			],
			"ringsMaxRadius": "f1/2702392515",
			"ringsMinRadius": "f1/1687698985",
			"rotationPeriod": "f31/876839445",
			"rotationPhase": "f0/0",
			"seed": 3940831351,
			"semiMajorAxis": "f1/2963527434",
			"type": "PLANET_GAS_GIANT",
			"volatileIces": "f0/0",
			"volatileLiquid": "f0/0",
			"volcanicity": "f0/1656976896"
		},
		{
			"agricultural": "f0/0",
			"argOfPeriapsis": "f4294967295/3804311848",
			"aspectRatio": "f1/0",
			"atmosColor": [
				255,
				255,
				255,
				255
			],
			"atmosDensity": "f0/472928988",
			"atmosOxidizing": "f0/1697285248",
			"averageTemp": 504,
			"axialTilt": "f0/704422104",
			"eccentricity": "f0/249889008",
			"hasRings": false,
			"humanActivity": "f0/0",
			"inclination": "f0/539721496",
			"life": "f0/0",
			"mass": "f0/265760758",
			"metallicity": "f0/1677763258",
			"name": "Thestias 1",
			"orbitalOffset": "f1/2083559969",
			"orbitalPhase": "f1/2476084328",
			"parent": 1,
			"population": "f0/0",
			"radius": "f0/1698505214",
			"rotationPeriod": "f24/346035689",
			"rotationPhase": "f0/0",
			"seed": 335139,
			"semiMajorAxis": "f0/18468359",
			"type": "PLANET_TERRESTRIAL",
			"volatileIces": "f0/0",
			"volatileLiquid": "f0/0",
			"volcanicity": "f0/3852983552"
		},
		{
			"agricultural": "f0/0",
			"argOfPeriapsis": "f1/1780873400",
			"aspectRatio": "f1/0",
			"atmosColor": [
				0,
				0,
				0,
				0
			],
			"atmosDensity": "f0/0",
			"atmosOxidizing": "f0/3833178848",
			"averageTemp": 504,
			"axialTilt": "f0/165613328",
			"children": [
				4
			],
			"eccentricity": "f0/93708376",
			"hasRings": false,
			"humanActivity": "f0/0",
			"inclination": "f0/356899477",
			"life": "f0/0",
			"mass": "f0/265760757",
			"metallicity": "f0/1647468443",
			"name": "Thestias 2",
			"orbitalOffset": "f5/4070170205",
			"orbitalPhase": "f1/3777391625",
			"parent": 1,
			"population": "f0/0",
			"radius": "f0/2027094399",
			"rotationPeriod": "f37/3851415723",
			"rotationPhase": "f0/0",
			"seed": 370711734,
			"semiMajorAxis": "f0/129708012",
			"type": "PLANET_TERRESTRIAL",
			"volatileIces": "f0/0",
			"volatileLiquid": "f0/0",
			"volcanicity": "f0/224249005"
		},
		{
			"agricultural": "f0/0",
			"argOfPeriapsis": "f0/2859696815",
			"aspectRatio": "f1/0",
			"atmosColor": [
				0,
				0,
				0,
				0
			],
			"atmosDensity": "f0/0",
			"atmosOxidizing": "f0/726193652",
			"averageTemp": 504,
			"axialTilt": "f0/1936037819",
			"eccentricity": "f0/16228017",
			"hasRings": false,
			"humanActivity": "f0/0",
			"inclination": "f1/905986893",
			"life": "f0/0",
			"mass": "f0/0",
			"metallicity": "f1/3005647844",
			"name": "Thestian Haven",
			"orbitalOffset": "f0/3104309337",
			"orbitalPhase": "f6/187701689",
			"parent": 3,
			"population": "f0/0",
			"radius": "f0/6817408",
			"rotationPeriod": "f5/2326440618",
			"rotationPhase": "f0/0",
			"seed": 450576730,
			"semiMajorAxis": "f0/131086",
			"type": "STARPORT_SURFACE",
			"volatileIces": "f0/0",
			"volatileLiquid": "f0/0",
			"volcanicity": "f0/0"
		},
		{
			"agricultural": "f0/0",
			"argOfPeriapsis": "f0/294393269",
			"aspectRatio": "f1/0",
			"atmosColor": [
				0,
				0,
				0,
				0
			],
			"atmosDensity": "f0/0",
			"atmosOxidizing": "f0/2613406826",
			"averageTemp": 504,
			"axialTilt": "f1/624049812",
			"eccentricity": "f0/281125120",
			"hasRings": false,
			"humanActivity": "f0/0",
			"inclination": "f3/178991646",
			"life": "f0/0",
			"mass": "f0/10605421",
			"metallicity": "f0/1457717982",
			"name": "Stelida Station",
			"orbitalOffset": "f4294967293/919917157",
			"orbitalPhase": "f4294967295/3804311848",
			"parent": 1,
			"population": "f0/0",
			"radius": "f0/645059286",
			"rotationPeriod": "f0/4176358592",
			"rotationPhase": "f4294967295/2921130432",
			"seed": 1822270768,
			"semiMajorAxis": "f0/85899345",
			"type": "STARPORT_ORBITAL",
			"volatileIces": "f0/0",
			"volatileLiquid": "f0/0",
			"volcanicity": "f0/2796809"
		}
	],
	"comment": "https://en.wikipedia.org/wiki/Pollux_(star)\nhttps://web.archive.org/web/20071106060030/http://exoplanet.eu/star.php?st=HD+62509\nhttps://www.star-facts.com/pollux/",
	"explored": true,
	"faction": "Syon Free Traders & Company",
	"govType": "NONE",
	"lawlessness": "f0/403838384",
	"longDesc": "Pollux, the brighter star of the Gemini constellation, hosts a simple and stable system in contrast to its twin, Castor, a chaotic dance of six stars. Around Pollux orbits the gas giant Thestias, accompanied by two moons. Between these moons, Foxi Co. built Stelida Station, a safe haven for travelers among the stars.\n\nWhen Castor died, Pollux was devastated. Zeus offered to reunite them by granting Castor partial immortality. Together, they were placed in the heavens as the constellation Gemini, symbolizing their eternal brotherhood.\n\nIn Chinese astronomy, Pollux is known as 北河三 (Běi Hé sān), meaning \"Third Star of the North River.\" It belongs to the asterism 北河 (Běi Hé), or \"North River,\" alongside Castor and Rho Geminorum.",
	"name": "Pollux",
	"otherNames": [
		"HD 62509",
		"北河三"
	],
	"pos": [
		2.671999931335449,
		5.199999809265137,
		7.840000152587891
	],
	"sector": [
		3,
		1,
		1
	],
	"seed": 0,
	"shortDesc": "Pollux b’s celestial trio: Thestias, its twin moons, and Stelida Station.",
	"stars": [
		"STAR_K_GIANT"
	]
}