{
	"bodies": [
		{
			"agricultural": "f0/0",
			"argOfPeriapsis": "f0/0",
			"aspectRatio": "f1/0",
			"atmosColor": [
				0,
				0,
				0,
				255
			],
			"atmosDensity": "f0/0",
			"atmosOxidizing": "f0/0",
			"averageTemp": 0,
			"axialTilt": "f0/0",
			"children": [
				1,
				2,
				3
			],
			"eccentricity": "f0/0",
			"hasRings": false,
			"humanActivity": "f0/0",
			"inclination": "f0/0",
			"life": "f0/0",
			"mass": "f2/2254857829",
			"metallicity": "f0/0",
			"name": "Barycenter",
			"orbitalOffset": "f0/0",
			"orbitalPhase": "f0/0",
			"population": "f0/0",
			"radius": "f0/0",
			"rotationPeriod": "f0/0",
			"rotationPhase": "f0/0",
			"seed": 0,
			"semiMajorAxis": "f0/0",
			"type": "GRAVPOINT",
			"volatileIces": "f0/0",
			"volatileLiquid": "f0/0",
			"volcanicity": "f0/0"
		},
		{
			"agricultural": "f0/0",
			"argOfPeriapsis": "f0/0",
			"aspectRatio": "f1/0",
			"atmosColor": [
				0,
				0,
				0,
				0
			],
			"atmosDensity": "f0/0",
			"atmosOxidizing": "f0/0",
			"averageTemp": 6899,
			"axialTilt": "f0/0",
			"eccentricity": "f0/0",
			"hasRings": false,
			"humanActivity": "f0/0",
			"inclination": "f0/0",
			"life": "f0/0",
			"mass": "f1/1524713390",
			"metallicity": "f0/0",
			"name": "Rho Geminorum A",
			"orbitalOffset": "f0/0",
			"orbitalPhase": "f0/0",
			"parent": 0,
			"population": "f0/0",
			"radius": "f1/2834678415",
			"rotationPeriod": "f0/0",
			"rotationPhase": "f0/0",
			"seed": 0,
			"semiMajorAxis": "f0/267679766",
			"type": "STAR_F_GIANT",
			"volatileIces": "f0/0",
			"volatileLiquid": "f0/0",
			"volcanicity": "f0/0"
		},
		{
			"agricultural": "f0/0",
			"argOfPeriapsis": "f0/0",
			"aspectRatio": "f1/0",
			"atmosColor": [
				0,
				0,
				0,
				0
			],
			"atmosDensity": "f0/0",
			"atmosOxidizing": "f0/3375781892",
			"averageTemp": 4948,
			"axialTilt": "f0/530951234",
			"eccentricity": "f0/0",
			"hasRings": false,
			"humanActivity": "f0/0",
			"inclination": "f0/0",
			"life": "f0/0",
			"mass": "f0/1717986918",
			"metallicity": "f0/1010300153",
			"name": "Rho Geminorum B",
			"orbitalOffset": "f3/608135816",
			"orbitalPhase": "f0/0",
			"parent": 0,
			"population": "f0/0",
			"radius": "f0/1717986918",
			"rotationPeriod": "f0/3221225472",
			"rotationPhase": "f0/0",
			"seed": 460616418,
			"semiMajorAxis": "f0/486170147",
			"type": "STAR_M",
			"volatileIces": "f0/0",
			"volatileLiquid": "f0/0",
			"volcanicity": "f0/0"
		},
		{
			"agricultural": "f0/0",
			"argOfPeriapsis": "f4294967295/89027290",
			"aspectRatio": "f1/0",
			"atmosColor": [
				0,
				0,
				0,
				0
			],
			"atmosDensity": "f0/0",
			"atmosOxidizing": "f0/3982216830",
			"averageTemp": 4948,
			"axialTilt": "f0/1266309975",
			"children": [
				4,
				6,
				7
			],
			"eccentricity": "f0/0",
			"hasRings": false,
			"humanActivity": "f0/0",
			"inclination": "f0/294488745",
			"life": "f0/0",
			"mass": "f0/3307124817",
			"metallicity": "f0/3955717841",
			"name": "Rho Geminorum C",
			"orbitalOffset": "f2/2576390557",
			"orbitalPhase": "f0/2103039122",
			"parent": 0,
			"population": "f0/0",
			"radius": "f0/3435973836",
			"rotationPeriod": "f7/2147483648",
			"rotationPhase": "f0/0",
			"seed": 1991837433,
			"semiMajorAxis": "f200/0",
			"type": "STAR_K",
			"volatileIces": "f0/0",
			"volatileLiquid": "f0/0",
			"volcanicity": "f0/0"
		},
		{
			"agricultural": "f0/0",
			"argOfPeriapsis": "f0/0",
			"aspectRatio": "f1/0",
			"atmosColor": [
				0,
				0,
				0,
				0
			],
			"atmosDensity": "f0/0",
			"atmosOxidizing": "f0/249024767",
			"averageTemp": 30,
			"axialTilt": "f0/0",
			"children": [
				5
			],
			"eccentricity": "f0/0",
			"hasRings": false,
			"humanActivity": "f0/0",
			"inclination": "f0/0",
			"life": "f0/0",
			"mass": "f0/0",
			"metallicity": "f0/1407608960",
			"name": "Rho Geminorum C a",
			"orbitalOffset": "f0/0",
			"orbitalPhase": "f0/0",
			"parent": 3,
			"population": "f0/0",
			"radius": "f0/6817408",
			"rotationPeriod": "f0/0",
			"rotationPhase": "f0/0",
			"seed": 0,
			"semiMajorAxis": "f0/2147483648",
			"type": "PLANET_ASTEROID",
			"volatileIces": "f0/0",
			"volatileLiquid": "f0/0",
			"volcanicity": "f0/73209672"
		},
		{
			"agricultural": "f0/0",
			"argOfPeriapsis": "f0/0",
			"aspectRatio": "f1/0",
			"atmosColor": [
				0,
				0,
				0,
				255
			],
			"atmosDensity": "f0/0",
			"atmosOxidizing": "f0/0",
			"averageTemp": 0,
			"axialTilt": "f0/0",
			"eccentricity": "f0/0",
			"hasRings": false,
			"humanActivity": "f0/0",
			"inclination": "f0/2759940115",
			"life": "f0/0",
			"mass": "f0/0",
			"metallicity": "f0/0",
			"name": "Rho Gem C a 1",
			"orbitalOffset": "f4294967294/3990034936",
			"orbitalPhase": "f0/0",
			"parent": 4,
			"population": "f0/0",
			"radius": "f0/0",
			"rotationPeriod": "f0/0",
			"rotationPhase": "f0/0",
			"seed": 0,
			"semiMajorAxis": "f0/0",
			"type": "STARPORT_SURFACE",
			"volatileIces": "f0/0",
			"volatileLiquid": "f0/0",
			"volcanicity": "f0/0"
		},
		{
			"agricultural": "f0/0",
			"argOfPeriapsis": "f2/626012426",
			"aspectRatio": "f1/0",
			"atmosColor": [
				0,
				0,
				0,
				0
			],
			"atmosDensity": "f0/0",
			"atmosOxidizing": "f0/1472777075",
			"averageTemp": 288,
			"axialTilt": "f0/1026368071",
			"eccentricity": "f0/38159824",
			"hasRings": false,
			"humanActivity": "f0/0",
			"inclination": "f0/216650474",
			"life": "f0/0",
			"mass": "f0/14817212",
			"metallicity": "f0/1839666732",
			"name": "Rho Geminorum C b",
			"orbitalOffset": "f1/2343417885",
			"orbitalPhase": "f5/63050089",
			"parent": 3,
			"population": "f0/0",
			"radius": "f0/553271419",
			"rotationPeriod": "f3/1968526677",
			"rotationPhase": "f4294967295/2148348100",
			"seed": 2761154997,
			"semiMajorAxis": "f0/3071692617",
			"type": "PLANET_TERRESTRIAL",
			"volatileIces": "f0/0",
			"volatileLiquid": "f0/0",
			"volcanicity": "f0/6891270"
		},
		{
			"agricultural": "f0/0",
			"argOfPeriapsis": "f0/965088969",
			"aspectRatio": "f1/0",
			"atmosColor": [
				0,
				0,
				0,
				0
			],
			"atmosDensity": "f0/597878988",
			"atmosOxidizing": "f0/1499386240",
			"averageTemp": 444,
			"axialTilt": "f0/325312322",
			"children": [
				8,
				9,
				10
			],
			"eccentricity": "f0/1854644992",
			"hasRings": false,
			"humanActivity": "f0/0",
			"inclination": "f0/39442826",
			"life": "f0/0",
			"mass": "f20/0",
			"metallicity": "f0/513222456",
			"name": "Rho Geminorum C c",
			"orbitalOffset": "f4/320862086",
			"orbitalPhase": "f4/1341156096",
			"parent": 3,
			"population": "f0/0",
			"radius": "f3/0",
			"rotationPeriod": "f8/0",
			"rotationPhase": "f0/0",
			"seed": 94855189,
			"semiMajorAxis": "f2/4123168604",
			"type": "PLANET_TERRESTRIAL",
			"volatileIces": "f0/0",
			"volatileLiquid": "f0/0",
			"volcanicity": "f0/268843552"
		},
		{
			"agricultural": "f0/0",
			"argOfPeriapsis": "f1/690000791",
			"aspectRatio": "f1/0",
			"atmosColor": [
				0,
				0,
				0,
				0
			],
			"atmosDensity": "f0/0",
			"atmosOxidizing": "f0/1626245443",
			"averageTemp": 124,
			"axialTilt": "f0/4187151684",
			"eccentricity": "f0/50971",
			"hasRings": false,
			"humanActivity": "f0/0",
			"inclination": "f0/0",
			"life": "f0/0",
			"mass": "f0/0",
			"metallicity": "f0/505346797",
			"name": "Rho Geminorum C c 1",
			"orbitalOffset": "f3/679652197",
			"orbitalPhase": "f1/3699806482",
			"parent": 7,
			"population": "f0/0",
			"radius": "f0/6817408",
			"rotationPeriod": "f3/1968526677",
			"rotationPhase": "f0/0",
			"seed": 2612372736,
			"semiMajorAxis": "f0/1498617",
			"type": "STARPORT_ORBITAL",
			"volatileIces": "f0/0",
			"volatileLiquid": "f0/0",
			"volcanicity": "f0/0"
		},
		{
			"agricultural": "f0/0",
			"argOfPeriapsis": "f4294967294/2860614110",
			"aspectRatio": "f1/0",
			"atmosColor": [
				0,
				0,
				0,
				0
			],
			"atmosDensity": "f0/0",
			"atmosOxidizing": "f0/3445572954",
			"averageTemp": 124,
			"axialTilt": "f0/474606422",
			"eccentricity": "f0/45027528",
			"hasRings": false,
			"humanActivity": "f0/0",
			"inclination": "f0/474606422",
			"life": "f0/0",
			"mass": "f0/2333",
			"metallicity": "f0/464580946",
			"name": "Rho Geminorum C c 1",
			"orbitalOffset": "f0/3761125669",
			"orbitalPhase": "f4/3972449286",
			"parent": 7,
			"population": "f0/0",
			"radius": "f0/39215448",
			"rotationPeriod": "f0/2647121568",
			"rotationPhase": "f0/0",
			"seed": 3126407164,
			"semiMajorAxis": "f0/2384348",
			"type": "PLANET_ASTEROID",
			"volatileIces": "f0/0",
			"volatileLiquid": "f0/0",
			"volcanicity": "f0/660"
		},
		{
			"agricultural": "f0/0",
			"argOfPeriapsis": "f1/966541445",
			"aspectRatio": "f1/0",
			"atmosColor": [
				0,
				0,
				0,
				0
			],
			"atmosDensity": "f0/0",
			"atmosOxidizing": "f0/1811989064",
			"averageTemp": 124,
			"axialTilt": "f0/61456204",
			"eccentricity": "f0/8068881",
			"hasRings": false,
			"humanActivity": "f0/0",
			"inclination": "f0/61456204",
			"life": "f0/0",
			"mass": "f0/54449",
			"metallicity": "f0/2040191272",
			"name": "Rho Geminorum C c 1",
			"orbitalOffset": "f0/3761742043",
			"orbitalPhase": "f5/3595788526",
			"parent": 7,
			"population": "f0/0",
			"radius": "f0/98342683",
			"rotationPeriod": "f0/2696483865",
			"rotationPhase": "f0/0",
			"seed": 3610225517,
			"semiMajorAxis": "f0/2413896",
			"type": "PLANET_ASTEROID",
			"volatileIces": "f0/0",
			"volatileLiquid": "f0/0",
			"volcanicity": "f0/27977"
		}
	],
	"comment": "",
	"govType": "NONE",
	"longDesc": "",
	"name": "Rho Gem",
	"pos": [
		5.059000015258789,
		0.47099998593330383,
		3.765000104904175
	],
	"sector": [
		5,
		2,
		2
	],
	"seed": 0,
	"shortDesc": "a star",
	"stars": [
		"STAR_F_GIANT",
		"STAR_M",
		"STAR_K"
	]
}