{
	"bodies": [
		{
			"agricultural": "f0/0",
			"argOfPeriapsis": "f0/0",
			"aspectRatio": "f1/0",
			"atmosColor": [
				0,
				0,
				0,
				255
			],
			"atmosDensity": "f0/0",
			"atmosOxidizing": "f0/0",
			"averageTemp": 2923,
			"axialTilt": "f0/0",
			"children": [
				1,
				2,
				3,
				4,
				5
			],
			"eccentricity": "f0/0",
			"hasRings": false,
			"humanActivity": "f0/0",
			"inclination": "f0/0",
			"life": "f0/0",
			"mass": "f0/1460288880",
			"metallicity": "f0/0",
			"name": "Ganinil",
			"orbitalOffset": "f0/0",
			"orbitalPhase": "f0/0",
			"population": "f0/0",
			"radius": "f0/1503238553",
			"rotationPeriod": "f0/0",
			"rotationPhase": "f0/0",
			"seed": 2434664768,
			"semiMajorAxis": "f0/0",
			"type": "STAR_M",
			"volatileIces": "f0/0",
			"volatileLiquid": "f0/0",
			"volcanicity": "f0/0"
		},
		{
			"agricultural": "f0/0",
			"argOfPeriapsis": "f4294967295/3552612873",
			"aspectRatio": "f1/0",
			"atmosColor": [
				0,
				0,
				0,
				0
			],
			"atmosDensity": "f0/0",
			"atmosOxidizing": "f0/3505894941",
			"averageTemp": 199,
			"axialTilt": "f1/2516245242",
			"eccentricity": "f0/292838688",
			"hasRings": false,
			"humanActivity": "f0/0",
			"inclination": "f0/153329978",
			"life": "f0/0",
			"mass": "f0/37456386",
			"metallicity": "f0/1656259891",
			"name": "Ganinil Refuling Station",
			"orbitalOffset": "f0/693390213",
			"orbitalPhase": "f4/2988267526",
			"parent": 0,
			"population": "f0/0",
			"radius": "f0/816885165",
			"rotationPeriod": "f19/3578761303",
			"rotationPhase": "f0/0",
			"seed": 2893243609,
			"semiMajorAxis": "f0/791132975",
			"type": "STARPORT_ORBITAL",
			"volatileIces": "f0/0",
			"volatileLiquid": "f0/0",
			"volcanicity": "f0/3164754"
		},
		{
			"agricultural": "f0/0",
			"argOfPeriapsis": "f0/3743455536",
			"aspectRatio": "f1/0",
			"atmosColor": [
				255,
				255,
				255,
				3
			],
			"atmosDensity": "f2/2566567532",
			"atmosOxidizing": "f0/55813508",
			"averageTemp": 165,
			"axialTilt": "f0/1463320895",
			"eccentricity": "f0/66574570",
			"hasRings": false,
			"humanActivity": "f0/0",
			"inclination": "f0/1474295726",
			"life": "f0/0",
			"mass": "f19/401232192",
			"metallicity": "f0/993030278",
			"name": "Ganinil a",
			"orbitalOffset": "f3/3424632821",
			"orbitalPhase": "f0/2311058455",
			"parent": 0,
			"population": "f0/0",
			"radius": "f4/2793187005",
			"rotationPeriod": "f68/3079844594",
			"rotationPhase": "f0/0",
			"seed": 1987301185,
			"semiMajorAxis": "f0/1090202523",
			"type": "PLANET_GAS_GIANT",
			"volatileIces": "f0/0",
			"volatileLiquid": "f0/0",
			"volcanicity": "f0/3062170790"
		},
		{
			"agricultural": "f0/0",
			"argOfPeriapsis": "f4294967295/2788379083",
			"aspectRatio": "f1/0",
			"atmosColor": [
				255,
				255,
				255,
				3
			],
			"atmosDensity": "f4/909123060",
			"atmosOxidizing": "f0/653861834",
			"averageTemp": 132,
			"axialTilt": "f0/328160493",
			"eccentricity": "f0/72371044",
			"hasRings": true,
			"humanActivity": "f0/0",
			"inclination": "f0/694548082",
			"life": "f0/0",
			"mass": "f75/3284924579",
			"metallicity": "f0/1161777271",
			"name": "Ganinil b",
			"orbitalOffset": "f3/28952131",
			"orbitalPhase": "f5/3978672820",
			"parent": 0,
			"population": "f0/0",
			"radius": "f8/3952782186",
			"ringsBaseColor": [
				178,
				180,
				184,
				218
			],
			"ringsMaxRadius": "f1/2192891882",
			"ringsMinRadius": "f1/964527820",
			"rotationPeriod": "f72/1185447926",
			"rotationPhase": "f0/0",
			"seed": 2125525669,
			"semiMajorAxis": "f0/1672771273",
			"type": "PLANET_GAS_GIANT",
			"volatileIces": "f0/0",
			"volatileLiquid": "f0/0",
			"volcanicity": "f0/1424116599"
		},
		{
			"agricultural": "f0/0",
			"argOfPeriapsis": "f4294967295/590651707",
			"aspectRatio": "f1/0",
			"atmosColor": [
				255,
				255,
				255,
				3
			],
			"atmosDensity": "f2/4262740044",
			"atmosOxidizing": "f0/395852338",
			"averageTemp": 93,
			"axialTilt": "f0/297033085",
			"eccentricity": "f0/843491975",
			"hasRings": false,
			"humanActivity": "f0/0",
			"inclination": "f0/1149438460",
			"life": "f0/0",
			"mass": "f216/2356818003",
			"metallicity": "f0/1285348690",
			"name": "Ganinil c",
			"orbitalOffset": "f6/244758478",
			"orbitalPhase": "f0/1943196773",
			"parent": 0,
			"population": "f0/0",
			"radius": "f11/976792388",
			"rotationPeriod": "f7/1431655765",
			"rotationPhase": "f0/0",
			"seed": 4055613067,
			"semiMajorAxis": "f0/3405512385",
			"type": "PLANET_GAS_GIANT",
			"volatileIces": "f0/0",
			"volatileLiquid": "f0/0",
			"volcanicity": "f0/2976172420"
		},
		{
			"agricultural": "f0/0",
			"argOfPeriapsis": "f4294967295/3248748152",
			"aspectRatio": "f1/0",
			"atmosColor": [
				255,
				255,
				255,
				3
			],
			"atmosDensity": "f4/3448413172",
			"atmosOxidizing": "f0/446143742",
			"averageTemp": 68,
			"axialTilt": "f0/1032474627",
			"children": [
				6
			],
			"eccentricity": "f0/46647350",
			"hasRings": true,
			"humanActivity": "f0/0",
			"inclination": "f0/1382089023",
			"life": "f0/0",
			"mass": "f23/2588730129",
			"metallicity": "f0/340230041",
			"name": "Ganinil d",
			"orbitalOffset": "f0/2678029287",
			"orbitalPhase": "f3/3218024227",
			"parent": 0,
			"population": "f0/0",
			"radius": "f5/112831903",
			"ringsBaseColor": [
				166,
				135,
				105,
				222
			],
			"ringsMaxRadius": "f1/2608553195",
			"ringsMinRadius": "f1/1653173178",
			"rotationPeriod": "f8/1252698794",
			"rotationPhase": "f0/0",
			"seed": 1741003253,
			"semiMajorAxis": "f1/1922682380",
			"type": "PLANET_GAS_GIANT",
			"volatileIces": "f0/0",
			"volatileLiquid": "f0/0",
			"volcanicity": "f0/1181182784"
		},
		{
			"agricultural": "f0/0",
			"argOfPeriapsis": "f4294967295/2404060909",
			"aspectRatio": "f1/0",
			"atmosColor": [
				0,
				0,
				0,
				0
			],
			"atmosDensity": "f0/0",
			"atmosOxidizing": "f0/2579728736",
			"averageTemp": 68,
			"axialTilt": "f0/82593597",
			"children": [
				7
			],
			"eccentricity": "f0/63824",
			"hasRings": false,
			"humanActivity": "f0/0",
			"inclination": "f0/367745916",
			"life": "f0/0",
			"mass": "f0/0",
			"metallicity": "f0/107850481",
			"name": "Ganinil d 1",
			"orbitalOffset": "f6/56062649",
			"orbitalPhase": "f0/393152539",
			"parent": 5,
			"population": "f0/0",
			"radius": "f0/6817408",
			"rotationPeriod": "f2/1073741824",
			"rotationPhase": "f0/0",
			"seed": 3185129101,
			"semiMajorAxis": "f0/63088066",
			"type": "PLANET_ASTEROID",
			"volatileIces": "f0/0",
			"volatileLiquid": "f0/0",
			"volcanicity": "f0/0"
		},
		{
			"agricultural": "f0/0",
			"argOfPeriapsis": "f0/0",
			"aspectRatio": "f1/0",
			"atmosColor": [
				0,
				0,
				0,
				255
			],
			"atmosDensity": "f0/0",
			"atmosOxidizing": "f0/0",
			"averageTemp": 0,
			"axialTilt": "f0/0",
			"eccentricity": "f0/0",
			"hasRings": false,
			"humanActivity": "f0/0",
			"inclination": "f4294967293/1907515663",
			"life": "f0/0",
			"mass": "f0/0",
			"metallicity": "f0/0",
			"name": "Gan Site Foxi R&D",
			"orbitalOffset": "f1/1803582036",
			"orbitalPhase": "f0/0",
			"parent": 6,
			"population": "f0/0",
			"radius": "f0/0",
			"rotationPeriod": "f0/0",
			"rotationPhase": "f0/0",
			"seed": 0,
			"semiMajorAxis": "f0/0",
			"type": "STARPORT_SURFACE",
			"volatileIces": "f0/0",
			"volatileLiquid": "f0/0",
			"volcanicity": "f0/0"
		}
	],
	"comment": "8 jumps from sol 8 jumps from syon.  ideal for fastest infromation shuttle from sol to syon",
	"explored": true,
	"faction": "Syon Free Traders & Company",
	"govType": "NONE",
	"lawlessness": "f0/3498319955",
	"longDesc": "This system's abundant gas giants and prime location, situated exactly halfway between Sol and Syon570, make it the ideal spot for a refueling station.\n\nFoxi Co has established a state-of-the-art refueling station here, catering specifically to FCGN comms network relay shuttles.",
	"name": "Ganinil23",
	"posf": [
		0,0.3084,0.5578
	],
	"poso": [
		0.2552,
		2.4672,
		4.4624
	],

	"pos": [
		5.2552,
		7.4672,
		2.4624
	],
	"sector": [
		4,
		1,
		1
	],
	"seed": 4227775499,
	"shortDesc": "Small-scale prospecting. Foxi Fuel",
	"stars": [
		"STAR_M"
	]
}
